{"cameraMode":{"drawMode":0,"name":"Shaded","section":"Shading Mode"},"sceneLighting":true,"audioPlay":false,"sceneViewState":{"m_AlwaysRefresh":false,"showFog":true,"showSkybox":true,"showFlares":true,"showImageEffects":true,"showParticleSystems":true,"showVisualEffectGraphs":true,"m_FxEnabled":true},"in2DMode":false,"pivot":{"x":-317.7178039550781,"y":71.41496276855469,"z":9.829264640808106},"rotation":{"x":0.0018825037404894829,"y":0.7429839968681336,"z":-0.0020849176216870548,"w":0.6693393588066101},"size":1.6281460523605347,"orthographic":false}